artist,song_count
Various Artists,9
Wilson Trouvé,6
Nicky Romero,5
Prince,4
My Chemical Romance,4
Disturbed,4
Linkin Park,4
Hoobastank,4
Isaac Elton,3
Jacco Wynia,3
Billie Eilish,3
Ton Snijders,3
Ella van der Woude,3
Blasterjaxx,3
Dimitri Vangelis & Wyman,3
Lucas Delphy,3
Monocle Twins,3
The National,3
Steve Aoki,3
Steven Vrancken,3
Annelie,3
Martèn LeGrand,3
Lost Horse Mine,2
Rise Against,2
Job Roggeveen,2
Lewis Capaldi,2
The White Stripes,2
Marynka,2
The Romantics,2
Armin van Buuren,2
Muse,2
Song Sung,2
Florejan,2
Ex:Re,2
Kensington,2
Still Corners,2
Julia Holter,2
Blonde Redhead,2
Josie Mehlin,2
praam,2
Otto Knows,2
Slowdive,2
Avenged Sevenfold,2
Billy Talent,2
The 1975,2
YuMe,2
Smile Empty Soul,2
Limp Bizkit,2
Amoll,2
The Rolling Stones,2
Patrick Hamilton,2
Cora Zea,2
Olivia Belli,2
Matteo Myderwyk,2
Coldplay,2
Sum 41,2
Weyes Blood,2
MorMor,2
Elton John,2
Billie Marten,2
Hope Sandoval and the Warm Inventions,2
Amaranth Cove,2
Yonder Dale,2
DeLange,2
Paul Simon,2
City of the Sun,2
Manse,2
Mumford & Sons,2
Marlies du Mosch,2
Rage Against The Machine,2
Joep Beving,2
Cocteau Twins,2
Bush,2
Bat For Lashes,2
No Vacation,2
The Used,2
Minxz,2
Queens of the Stone Age,2
The Beatles,2
Sia,2
Alexander Motovilov,2
Beach House,2
Sufjan Stevens,2
TT,2
Golden Sleep,2
Biba Dupont,2
Above & Beyond,2
Anna Calvi,2
Scary Kids Scaring Kids,2
Lush,2
Fedde Le Grand,2
Valentin,2
Dexys Midnight Runners,2
Light of Sun,2
Pieter de Graaf,2
Korn,2
Wolf Alice,2
Michael Orvind,2
Bullet For My Valentine,2
Queen,2
Lost Frequencies,2
Saliva,2
Jeremy Zucker,2
Leo Nocta,2
Lucas & Steve,2
Thirty Seconds To Mars,2
Ron Adelaar,2
Underoath,2
Simian,1
Other Lives,1
Coheed and Cambria,1
Radical Face,1
Ron Verboom,1
Jet,1
Tobtok,1
Warpaint,1
Hugar,1
Toledo Rains,1
William Duhamel,1
Puddle Of Mudd,1
War,1
Epi-Soothe,1
Dust Follows,1
Kina,1
KSHMR,1
ROSALÍA,1
Fleetwood Mac,1
Simple Minds,1
Radiohead,1
The Tides,1
Third Eye Blind,1
Dean Valio,1
Beau Projet,1
Clouseau,1
Paris Blohm,1
Kodaline,1
Angel Olsen,1
Stone Temple Pilots,1
John Legend,1
Nils Frahm,1
Anthony Ramos,1
Thomas Jackson,1
Bayside,1
Terence Trent D'Arby,1
Calum Scott,1
AFI,1
Sasha Sloan,1
Ellie Rose,1
Red Hot Chili Peppers,1
Low Roar,1
Kaskade,1
Barulinho,1
Evin Iris,1
The Offspring,1
Zoe Connelly,1
The Soft Cavalry,1
Creedence Clearwater Revival,1
Rob Zombie,1
Alvvays,1
Eroded Sky,1
Sniff 'n' The Tears,1
Slipknot,1
3 Doors Down,1
Bombay Bicycle Club,1
FTampa,1
Ansatz Der Maschine,1
Bruno Major,1
Philip Bailey,1
Stevie Nicks,1
k?d,1
Tom Misch,1
Les Manger Tous,1
Third Party,1
Dave Pad,1
The Cure,1
Jaakko Eino Kalevi,1
Sevendust,1
Benjamin Martins,1
Peals,1
Airwaves,1
Robert Palmer,1
Antonio Giacca,1
R.E.M.,1
Skytech,1
Harry Styles,1
Tiz McNamara,1
Sofie Tukker,1
Alphabeat,1
Crazy Town,1
The Mamas & The Papas,1
Night Sounds,1
Morgan Page,1
CHIC,1
The Beach Boys,1
Apparat,1
Beirut,1
Johann Sebastian Bach,1
blink-182,1
Elementaries,1
Johnny Goth,1
Luna,1
Low,1
Andre Ehmann,1
Martin Gauffin,1
Seether,1
Daft Punk,1
James Brown,1
Papa Roach,1
Crumb,1
Lights & Motion,1
Camila Cabello,1
Lucy Rose,1
Autoerotique,1
Steff da Campo,1
Ian Wong,1
Chris Malinchak,1
Gnarls Barkley,1
The Osmonds,1
Hans Voller,1
Fatboy Slim,1
Spiritualized,1
Deee-Lite,1
Sir Roy,1
Brand New,1
Tiësto,1
Boysetsfire,1
Joe Jackson,1
The Turtles,1
Tash Sultana,1
Weezer,1
Avicii,1
Cigarettes After Sex,1
Collective Soul,1
AC/DC,1
Trapt,1
3LAU,1
Lolo Zouaï,1
Labrinth,1
Reinhard Vanbergen,1
Sharon Van Etten,1
Galantis,1
OMC,1
Eartheater,1
Cult Solo,1
Sick Individuals,1
Shoffy,1
BADBADNOTGOOD,1
Random Forest,1
Godsmack,1
Mike Posner,1
KISS,1
Efterklang,1
LEFT.,1
Eline Moss,1
Armor For Sleep,1
System Of A Down,1
Dhyana Thomas,1
Jakob Ahlbom,1
Camo Columbo,1
Grandaddy,1
(Hed) P.E.,1
Marc Benjamin,1
Jimmy Eat World,1
SOAK,1
Manuel Ponce,1
Blouse,1
Emmrose,1
X-Ecutioners,1
Of Monsters and Men,1
EERA,1
The Kinks,1
Foals,1
Depeche Mode,1
369,1
"Grover Washington, Jr.",1
Rosie Carney,1
This Mortal Coil,1
Burgundy Skies,1
Mark Milan,1
Rustin Man,1
Pale Saints,1
Daryl Hall & John Oates,1
Johnning,1
King Princess,1
Marc Torch,1
Arthur Jussen,1
Hooverphonic,1
Quintino,1
Matthew Harvey,1
Tindersticks,1
Hilary Hahn,1
Dreyma,1
Major Lazer,1
James Bay,1
Jehnny Beth,1
Oliver Heldens,1
Evan Michael Brown,1
Mike Candys,1
Melissa Etheridge,1
The Doobie Brothers,1
Antuigo,1
Vochey,1
Electric Light Orchestra,1
Counting Crows,1
Staind,1
AURORA,1
The Cardigans,1
Foo Fighters,1
Lit,1
Andrew Gold,1
Tom Odell,1
Search For Atlantis,1
Aquilo,1
Nightlands,1
Amy Winehouse,1
Bill Withers,1
Fleet Foxes,1
The Police,1
Reina del Mar,1
Daniel Blumberg,1
Le Verne,1
Hilder Sky,1
Fink,1
Yves V,1
Bingo Players,1
Erik Reno,1
La Acacia,1
Muzz,1
May,1
Arlo Day,1
Father John Misty,1
Bilo 503,1
Lupe Fuentes,1
The War On Drugs,1
LudoWic,1
Anberlin,1
The Knack,1
Faustix,1
Audien,1
Isobel Campbell,1
Bob Seger,1
Jerkcurb,1
Dada Life,1
Whitney,1
Mac DeMarco,1
Lundegard,1
Seafret,1
Lennon Stella,1
Labi Ramaj,1
Cedric Gervais,1
RY X,1
Joshua Radin,1
Faelt,1
Burden Brothers,1
Rhys Lewis,1
Jack Johnson,1
Jeremy Olander,1
Alexi Musnitsky,1
Novo Amor,1
Arlo Parks,1
Alice In Chains,1
EDX,1
Story Of The Year,1
Halfway Escape,1
Agnes Obel,1
Finger Eleven,1
Arya Shae,1
KAAZE,1
Birdy,1
Cecelya,1
Ludwig van Beethoven,1
Hicham Chahidi,1
Kornum & Karma,1
Estado De Calma,1
Sofiane Pamart,1
Sarah Davachi,1
Taproot,1
Breaking Benjamin,1
Sylvain Chauveau,1
Robbie Rivera,1
Made Of Gold,1
Max Richter,1
Van Stiles,1
Seth Hills,1
Eve 6,1
Foster The People,1
Atlas Sound,1
Mazzy Star,1
Nina June,1
Chocolate Puma,1
Shannon Lay,1
Dries Beheydt,1
Bazzi,1
DubVision,1
Domaine Blanc,1
St Woods,1
Vicetone,1
Norman Greenbaum,1
Gracie Abrams,1
Olaars & Will Philips,1
OutKast,1
JP Saxe,1
Regina Spektor,1
Harvest Silence,1
Elmau Dunkel,1
Erik Frank,1
AFTRHOURS,1
Pieter Savenberg,1
Avery Young,1
Fuel,1
The Clash,1
Passenger,1
Bodywash,1
Manuela,1
Swanky Tunes,1
Stevie Wonder,1
Natalie Taylor,1
Deftones,1
CamelPhat,1
Bon Iver,1
The Lumineers,1
Lily Allen,1
Alien Ant Farm,1
The Killers,1
Oliver Ingrosso,1
Gotye,1
Adele,1
Thomas Gold,1
Lambert,1
Ed Sheeran,1
Thin Lizzy,1
Gustavo Santaolalla,1
So Vea,1
Sulfur Springs,1
Charles Bolt,1
Alberto L. Ferro,1
The Raconteurs,1
Mastrovita,1
Nina Nesbitt,1
Sandro Silva,1
Iron & Wine,1
dEUS,1
Parazal,1
MØ,1
Kate Teague,1
Alaskan Tapes,1
Alok,1
Gorgon City,1
Martin Thulin,1
Dillon,1
Remy Van Kesteren,1
Goat Girl,1
Alesso,1
AMBIE,1
Gareth Emery,1
a-ha,1
Silo Silo,1
Tom Kalani,1
Massive Attack,1
Wheatus,1
Death Cab for Cutie,1
Sebastián Escofet,1
Anson Seabra,1
Bram de Looze,1
Chumbawamba,1
Spin Doctors,1
Big Thief,1
Thrice,1
Gabriel & Dresden,1
Noah Vanden Abeele,1
Alexander Wren,1
Barry Adamson,1
Steve Miller Band,1
Lord Huron,1
Nico Casal,1
Men Without Hats,1
Dave202,1
Lana Del Rey,1
The Buggles,1
Jamiroquai,1
Steve Brian,1
Alice Boman,1
Martin Garrix,1
John Mayer,1
Rand Aldo,1
Five Finger Death Punch,1
Star Slide,1
A Teardrop In The Lake,1
The Cinematic Orchestra,1
BANKS,1
Junodream,1
A Static Lullaby,1
Pink Floyd,1
Sorry,1
The Exies,1
The Six Parts Seven,1
Fenne Lily,1
Florejan Verschueren,1
Threading Hair,1
Rouge Haven,1
Josh Kramer,1
Metallica,1
Stacy Crowne,1
The Him,1
Thom Yorke,1
Taking Back Sunday,1
Jurrivh,1
Steve Gunn,1
Cooper Sams,1
Tate McRae,1
TOTO,1
Comet Blue,1
Damien Rice,1
One Sentence. Supervisor,1
Nena,1
Julian,1
Clinton Kane,1
cloudcrush,1
HONNE,1
Alaina Castillo,1
Teodor Wolgers,1
Soccer Mommy,1
Cranes,1
Beacon,1
Loyal Lobos,1
Aaron Smith,1
Daughter,1
Eucalyptic,1
Kamal.,1
Doeke,1
Oasis,1
Ghost Of Summer,1
NERVO,1
Phoebe Bridgers,1
Sublime,1
Jef Martens,1
Mordkey,1
New Radicals,1
Elvis Presley,1
Emmanuelle Rimbaud,1
